source,target,count()
--SiN--,Br0wnH0rn3t,1
-Bim-,briiiskiii,1
-JustShy-,TooHappyFappy,1
-MURS-,rohrspatz,1
-_-Equinox666-_-,smoke_and_spark,1
-captainamerica-,imapootisbird,1
-cutestofborg-,szarkasm,1
-midnighttoker-,rehehe,1
03114,Robadoba,1
12111333,madmacaron,1
13104598210,Myrandall,1
14inthehand,Narath,1
18of20today,complete_misanthrope,1
3xtsy,Shadhow,1
40kfreak,im_in_the_box,1
44299,fourthwallcrisis,1
481k,mironicalValue,1
4nalBlitzkrieg,--Beetlejuice--,1
4wesomeguy,Tasty_lake,1
50grapesofgray,Entorix,1
5p33di3,zThief,1
880cloud088,SQUATCH_HUNTARD,1
ACAB112233,drosebrokemyheart,1
AKABoondock,TylerGuest1,1
AKCheesehead,Ulteriority,1
AKlep,FollowDasFUhrer,1
AONomad,HairlessSasquatch,1
A_Straw_Hat,_q42_,1
Abowl_of_wheat_thins,kill123,1
AbraHaMerlin,rosemaryintheforest,1
Ace417,balance07,1
Aceous,Isho,1
AcolyteRB,5Cpls,1
ActuarialGrape,KingofBrittany,1
AdamBs,fujimite,1
AdenintheGlaven,alittlebitfancy,1
AdmiralMemo,clue42,1
AdmiralSkippy,frankenham,1
AestheticBolo,thelasthendrix,1
Ag9215,Wohn_Jick,1
Agianone,MeepleTugger,1
Ahbraham,Hermann_Von_Salza,1
Alantha,Smailien,1
AlchemyPhoenix,FlyntFlossy912,1
AlexTheRockstar,Netrilix,1
Alexalder,FiveOfTime,1
Allthewaylive215,HumboldtBlue,1
AlmightyEnige,HomoCeltigar,1
Amaya_,mukku88,1
Ambybutt,RoxasTheNobody,1
Ameisen,CaptObvius,1
American-Negro,askinnydude,1
AmethystItalian,illtima,1
AnalBananaStick,tylesftw,1
Anarcociclista,_samux_,1
Anceradi,sawlover6065,1
AndanJet,Flip-Yap,1
AndyBatcountry,Coinish1,1
Animal31,awsears25,1
AnonymousChicken,HombreGranJefe,1
AnotherSmegHead,Forrestal,1
Anthony-Stark,vigridarena,1
AntiChr1st,shaqup,1
Apollo_Screed,whateverdipshit,1
AppleDane,postingstuff,1
Archvanguardian,Das5heep,1
ArdRi_,bimbo74,1
ArkBirdFTW,tharodan,1
Arrowmatic,Oneofthese3,1
Artichook,RaisinAnnette,1
Arudeawakenin,thefreeman419,1
Ascalion,Hol1C,1
AspieSquared,Bad_lol_player,1
Asshole_Salad,sportsmcgee,1
AthiestLibNinja,MasterChips250,1
AthleticsSharts,penguinplatypus,1
AtomicDryad,lallabuya,1
AttackOnHaseeb,Redeemed_King,1
AudieMurphy135,Thunderkleize,1
Aviasus,lonewolfmafia,1
AwesomeInPerson,Allthebigtrees,1
AyoBruh,TheOneShep,1
AzazelsAdvocate,swccggergall,1
AznGuy76,JustinLed,1
AznTiger,LoneWords,1
Azullo,samw556,1
BBQHonk,Fr87,1
BFQueb,Alxion_BF,1
BMWbill,jpguitfiddler,1
BPsandman84,CollumMcJingleballs,1
BYUtka,FlamingJade,1
BZJGTO,jobiwonkinosi,1
Baby_Vegeta,G8torDontPlay,1
Bakerrr,dududu_or_riot,1
Balinares,deadlast,1
BanditoWalrus,Scarab-Phoenix,1
BarfingBear,Thehealeroftri,1
Barian_Fostate,LeeAlamein,1
Barkerisonfire_,Monsterlvr123,1
Barph,ARE-YOU-DONUT-MATE,1
BayAreaDoge,beer_4_breakfast,1
BayAreaFox,camerota,1
BeAJerkAtWork,squirrelmonkie,1
BeanAlai,daybreaker,1
Beep_meep,tomgreen99200,1
BeholdMyResponse,SkeeterMcgyger,1
Bentweird,VicRattlehead30,1
BettmanReturns,R00K416,1
BiagioLargo,smoke_and_spark,1
Biffmcgee,dsh1234,1
BigBird9719,Shameless_Bullshiter,1
Big_douche,earl_smith_thethird,1
Bighomer,Merlyn_LeRoy,1
Bilbowtech,Dwight____Shrute,1
BizzaroPie,quelleslappy,1
BlankiesWoW,ForsbergAce,1
BlindfoldedNinja,TEARANUSSOREASSREKT,1
Bloodyfart,zThief,1
Blubby100,Tylerfavrow3,1
BlueSkysAndShadows,bobboboran,1
Blujay12,Goperhs,1
Bobboy5,pollietollie,1
Bobzer,hhsfs,1
BognerPRS,subheight640,1
Boston_Jason,hypmoden,1
Bot3650,Hypobromite,1
Br0metheus,okmkz,1
BrainBurrito,el_pepsicano,1
Brawler_1337,milesrout,1
BreakTheLoop,SmexySwede,1
Brian_MB_05,TomAskew,1
Brisket_Balls,laukkanen,1
Broccoli_Thief,Phrygue,1
Brooker92,dbzmm1,1
Brotago,TheScriptSage,1
Brutalitarian,Schnabeltierchen,1
Bub1023,Fallofmen10,1
Bubblegum87,NyahChaan,1
Bubos,epidaurum,1
Buckhum,Elf_Sedge,1
Bucky_Barnes1,heartofgoldfish,1
Buckyourface,pbostrom,1
BuddhaFacepalmed,AFancyLittleCupcake,1
BumsandJunkies,Theothernooner,1
Burninator_89,SW9876,1
Butler2102,pomrit,1
Butterflykey,totaldramaqueen,1
C4Cypher,Ellzii,1
CBRjack,bealsabub,1
CBass32001,SherlockBrolmes7,1
CD338,legion02,1
CHark80,FlameFrenzy,1
CLucas127,mistakenotmy,1
CMDRCharlesShepard,Quarian_Fetish,1
CUNTRY,Nautigirl,1
Cageweek,too_long_didnt_read,1
Calabrel,Psycho_Ghost,1
CanadiaPanda,siccoblue,1
CannaSwiss,Kingdariush,1
Capsulets,DemonEggy,1
CaptainFalconsKnee,iscuck_bot,1
CaptainNeedleMouse,TEEHEE_NYC87,1
Caputalis,kpacek330,1
Cartossin,GaijinSama,1
Castule,KnigOfTypos,1
CatNamedJava,ptgkbgte,1
Cdresden,KeavesSharpi,1
CelestialOtter,SxeRpw,1
CelestialWalrus,PHLtoCHI,1
CeresSergal,WingedWolfur,1
ChaacTlaloc,muad_dib21,1
CharlieTheK,owlsareahoot91,1
ChasteSwitch,DreamerFi,1
ChemicalFrore,diegogt98,1
Cherubim45,gavaisky,1
ChestRockwell11,That70smoke,1
Chimpy74,ShinyhunterSandslash,1
ChopSueyWarrior,TakeItToTheRiver,1
Chraaas,JDL523,1
ChrisJWright,Assassinsayswhat,1
ChuckFinleyFL,JCY2K,1
Chupathingy12,handinhand12,1
Ciene,PM_ME_DUCKS,1
CisWhiteMaelstrom,PetticoatRuled,1
CityofTreez,Bizzy666,1
ClaretTavnya,DethFade,1
Clockofcoffee,brazenbullshit,1
Clydes_Song,PoopNoodlez,1
Coffee--Pot,amgoingtohell,1
CognitiveAdventurer,NoSobStoryBot2,1
ColonelAwesome12,labrys,1
Colonel_Blimp,isjudydenchapaedo,1
Combocore,CardboardOdyssey,1
Containsgrubs,dangertime,1
CraftyCaprid,stab407,1
Creep_in_a_T-shirt,shaggy1265,1
CrossEyedPig,FreddyFeelgood,1
CrypticCube,MrDNL,1
Curri,Mictlantecuhtli,1
CynixCS,ZeGermanDoctor,1
DJSkrillex,TerkRockerfeller,1
DJ_Nocturnal,itsChopsticks,1
DMHawker,CMDR_Swift_Arrow,1
DON-ILYA,ExNihiloNihilSit,1
DThr33,WhatMatterSon,1
DWillows,Dosage_Of_Reality,1
DaLateDentArthurDent,kulapik,1
DaggerMoth,ScurvyDawg,1
Daiyor,Hurricane12112,1
DarkHeroAxel,pewterrock,1
DarkSkyKnight,joey19982,1
Darkfyre42,load231,1
DarkyDarkskin,NoSurrenderC18,1
DarthJones1,Ichigowins,1
DashFerLev,iSmuggleCrack,1
DaultonLemon,torpedoguy,1
Dave_McFly,Amazon_Princess,1
Daviroth,steelbydesign,1
Day_Bow_Bow,Campbellsoupcan,1
DeCoR26,1N-Mentu,1
DeafDumbBlindBoy,Wrathwilde,1
Death_Kupo,RoseTyler91,1
DeepRoast,FrankFeTched,1
DeerOnTheRocks,faceripperr,1
Deklaz,MikeStar21,1
DelHel,yusif80,1
Delheru,Thighpaulsandra,1
Derp53,oneupmanshipwreck,1
DescendsTheBlade,Gamezob,1
Diabeats,BoxedUpAndShaken,1
DialMMM,zawmbie5,1
DiamondMagic,Nowasion,1
DilatedSphincter,pls-answer,1
Dingus_Milo,nathanields,1
DiogenesHoSinopeus,thekingforth,1
DirtD4er,Caedus_Vao,1
Disco_Drazen,xychosis,1
DoctorWhoovez,grimey6,1
DoneSupporting,Venrae,1
Dont_look_at_my_page,VodkaSalad37,1
Dougy_Sampson,rabaraba,1
DrBoomkin,loltidderkcuf,1
DrNilesEckbeard,W00ster,1
Dragarius,ErrantKnight,1
Dragoeth,AnhydrousEtOH,1
DramaticPeriods,Aquamaniac14,1
Dranosh,Alphadude007,1
Dranx,pharoahfawcett,1
DresdenDil,kartuli78,1
DrinkDripDream,BlitheCynic,1
Drugs_and_Hugs,emackn,1
Duality_NA,shdwfeather,1
DuckDuckTruce,Mornic,1
Dudebromancer,rakaze,1
Duelingk,Foerumokaz,1
Dvergis,prayersbro,1
DwightKurtShrute69,-Butt-Fumble-,1
Dymobe,Jarl_Bridgewater,1
EarthwormJim94,Morally_Inept,1
EastenNinja,knothead,1
Ebmoclas,foxytheterrorterrier,1
EdgarFrogandSam,El_Giganto,1
EightsOfClubs,behringer__,1
Einhorn_Leim,wakenda,1
EirikurG,916253,1
Eirixoto,faatiydut,1
ElDoeRadical,SMTRodent,1
Elephant_on_skis,HedronCat,1
Eletotem,LandlockedPirate,1
ElleJayFish,NeoSeth,1
ElvenAshwin,Zehapo,1
Emanuele676,chhap,1
Emazingmomo,iamriptide,1
EmeraldLight,JanatorScruffy,1
EmuTribe,FrancisCastiglione12,1
Enderbro,Pinnacle56,1
EngineRoom23,trreeey,1
Enterodynia,mrhunter1337,1
EntropismAtWork,TheElement115,1
Epidemilk,Coidzor,1
EroticBurrito,Dantonn,1
Erotic_Walrus,Remigus,1
Espresso-Time,Siegfried_Fuerst,1
EternalAssasin,HEBushido,1
EveryCliche,The_Verse,1
Evilduck17,katsimbalis,1
EwokStomper,ALL_CAPS_SHOCK_NAME,1
F-That,HARSHING_MY_MELLOW,1
F117Nighthawk,F117Nighthawk,1
Faarjam,Mantan1701,1
Falconhaxx,sean_incali,1
Falkjaer,Vercci,1
Fappy_McMasturbate,EvSauce7,1
Farrarzard,alyzmae,1
Farts_Mcsharty,Milky1985,1
FatGecko5,FastGecko5,1
FaultyFix,Flytape,1
Fedcoshark,Drakkeur,1
Fencedude,Chazdor,1
Ferretsrawesome,noposters,1
Ferrumkit,JuggernautBabyKicker,1
FievelGrowsUp,spcd,1
FightFromTheInside,VampyrByte,1
Firefox711,PassionAtlas,1
First_Utopian,Trebay,1
FistOfFacepalm,The_Tic-Tac_Kid,1
Flobings,swartkrans,1
Flowah,postmoderno,1
FokJulleNaaiers,rootwinterguard,1
FoundationFiasco,NaimKabir,1
FoxForce5Iron,Tonight_37,1
Foxionios,theCroc,1
FoxyMayhem,xEleanorxRigbyx,1
FragMeNot,Clerical_terrors,1
Fresh_AM,TheDarkLordisAlive,1
From_H_To_Uuo,Tia00017,1
Fruit_Cake_Best_Cake,Orphanlast,1
Fsoprokon,imatrainwreck3,1
Fuckfencing,garrisb7514,1
Fudgity,davidonformosa,1
Fudgms,tyson1988,1
FusRoDoodles,HawkeThisHawkeThat,1
Fyzzle,DeltaSparky,1
GJB_93,12ozSlug,1
GYN-k4H-Q3z-75B,camiethecableguy,1
GaiusBaltar_,Liesmith,1
Gamer_ely,Hichann,1
GamesJernelizt,Arathian,1
Gamma_Bacon,compassghost,1
Garlien,Discount-Propaganda,1
Gauchokids,APersoner,1
Gazudin,cofe33,1
Geddyn,redwings98,1
GeekAesthete,djresponsible,1
GeneralBurg,Work_Suckz,1
GestapoSky,greatscf,1
GhostifiedMark,mmmk7603,1
GhostofRFS,AnCom9,1
GirIsKing,AncientHistory,1
Glassland,Micho_Lunar,1
Glorious_Jerry,Ayy_Lmao_Dank_meme,1
GodofKame,kenocar,1
Googoo123450,iampig,1
GoonCommaThe,captainpyotr,2
Graverobber2,mastersoup,1
GrayfoxFJ,madanna,1
Green_man_bitch,Bonifaz_Reinhard,1
Grrrth_TD,jjolla888,1
GrubFisher,Erotic_Walrus,1
Gsusruls,LeeAlamein,1
GuitarBizarre,Please_read_sidebar,1
GunModeOffKnifeOnly,pp3001,1
GusChiggins4Ever,Dwhitlo1,1
Gustavius040210,Torigac,1
GustavoFrings,HalfandHoff,1
H0b5t3r,Kaphox,1
H4x1,UberLambda,1
HGF88,MattLikesPenis,1
HURCN_hugo,learnyouahaskell,1
Hairless_Talking_Ape,Polishwiz14,1
HappyWarsDevTeam,--Beetlejuice--,1
HardKnockRiffe,CringeBinger,1
Havoc96,gouki_cookie,1
Havok1988,korruptseraphim,1
HeadRot,ProfitOfRegret,1
HeavyMetalHero,DaffyDuck,1
Helium_3,brashdecisions,1
Henkersjunge,dondiLASSO,1
Henwii,VeiledWaifu,1
Hereticdark,opt_in_out_in_out,1
HeroOfTime_99,Nybear21,1
Hetaroi,rogoyin,1
Hexadizer,Onetufbewby,1
Hifiloguy,Buster_Nutt,1
HisElectricJunk,Grannyshitlord,1
Hold-My-Beer,hubbabubbathrowaway,1
Hombremaniac,TeaKay13,1
Honztastic,SuperKerfuz,1
HotSauceJohnson,lolmasn69,1
House_of_Usher,Dat_Bass1,1
HrBerg,iLostMyAcc,1
HughDowns,lasagna_whisperer,1
Huknar,Quantum_Quartz,1
HurricaneSandyHook,davidverner,1
Hypothesis_Null,gagcar,1
HyrumBeck,iamkokonutz,1
IArentDavid,cuntbox,1
IBiteYou,laffytaffyboy,1
IFuxWitDat,CPhT007,1
IMA_Catholic,diablo_man,1
IMasturbateAMA,ummme,1
I_Eat_Face,furr_sure,1
I_I_I_I_,kschif,1
IamHydrate,Oro_Bororo,1
IceLantern,Rooksarii,1
IconicSuperheroName,alerioswag,1
Ihatecheese86,the_rabbit_of_power,1
ImaMoFoThief,magmafanatic,1
ImperialStorm,ablebodiedmango,1
Improvinator,huganic,1
InOurMomsButts420,addictedtowtfisthat8,1
IndianPhDStudent,regislaminted,1
Inepta,huntewiden,1
InsaneVanity,MainlyPardoo,1
Instantcoffees,WithForte,1
InvertTheSenses,Delta_357,1
IreliaObsession,At_Least_100_Wizards,1
Ironboots12,cam94,1
Ishmael1217,Boernii,1
Itsalreadytaken,xljunior,1
J-AnideM,nothing-creative,1
JDQuaff,AlwaysTrappin,1
JDog12244,JestersXIII,1
JF425,rsdtriangle,1
JPAPKILLA,ZombiesTMS,1
Jademalo,DLOGD,1
Jaikose,kfuse,1
JakeSpleen,Noodleholz,1
Jamesaki,Adambass,1
Jamie-McL,overworld99,1
JangSaverem,woutSo,1
JasonKevRyall,Cataclyst,1
Jbird206,blackfiredragon13,1
JeanisDenim,HansWursT619,1
Jedi_SpaceCowboy,thelasthendrix,1
Jeffgoldbum,coldandpain,1
JewJutsu,Nazi_Ganesh,1
JhnWyclf,Blue_Pantdot,1
JoelKlebanoff,cdnbroker,1
JohnBooty,CranialFlatulence,1
JokerSmilez,N3ss3,1
Jokesonyounow,Phil_Laysheo,1
JosefTheFritzl,Unmormon1,1
Joseph_Santos1,ItsStillaTrap,1
Junda,xwhocares3x,1
JustAStranger_,EggsNbeans,1
JustDoItPeople,TomBosleyExp,1
JustEnoughApples,MasterT231,1
K4S3-R,Fapthusiast,1
K7avenged,TheWiseMountain,1
KB11627,bizitmap,1
KHAddict25,shyguy528,1
KaSlaps,Dr_Adopted,1
Kaeny,Sarcasticorjustrude,1
Kaishu,HOONIGAN_9,1
Kaninchen95,blaireau69,1
KennethLocke,Leuku,1
Kestrellius,waltons91,1
KeybladeSpirit,andrewm4930,1
Kikool42,RefinerySuperstar,1
KingGhostrick,flashfact1991,1
KingMong,Stevey854,1
Kinglink,znredra,1
Kintarly,Korn_Bread,1
KirinG,chandr,1
KisaTheMistress,denunciadolince,1
Kishara,Im_a_peach,1
KissMyAspergers,km89,1
Kiwi_Mimi,razor5151-returns,1
KiziHardar,ian580,1
Klaasfaak,Lnfinite_god,1
Kodiack,mathboss,1
Kongadde,swohio,1
KookyGuy,DunnyJ92,1
Krankjanker,FubarFreak,1
Krogdordaburninator,ShitLord4Life,1
Krynnadin,bobnojio,1
Kuonji,Ryuubu,1
Kupuka,mortiphago,1
Kyou_Chiba,Eiji_Hideyoshi,1
Kyuubi87,IdRatherBeLurking,1
Kzone272,nath_schwarz,1
L33T_BEANS,Zeriell,1
Ladybugoleander,I_love_swiss_cheese,1
Laneofhighhopes,JSConrad45,1
Lazarus1209,derekz0r,1
Lazy_IT_guy,afkaxis7,1
LeBashfulBadger,LeBashfulBadger,1
Leap_,carpetit,1
LeeNeko,Rapierre,1
Leebo2D,DOCTOR_JUSTICE,1
Lejeune_Dirichelet,eulerhopepunk,1
Lifeglue,Laxaria,1
LikeAgaveF,jwaldo,1
LikeIDontKnowNobody,Pejorativez,1
Lillipout,vita10gy,1
Liniis,Ahri_La_Roux,1
LithiumNoir,poprop03,1
LittleHillKing,blooqazoo,1
Lobo_Marino,chogunrua,1
Logseman,KrayonFisher,1
Loki_Luciferase,lotto77102,1
LolioWoW,VerbAdjectiveNoun,1
LongerFellow,SmaugTangent,1
LookLikeALeprechaun,brainsexual,1
LordBlackmore,CityOfChamps09,1
LordDestrus,signstealer,1
Louizk,Chronsky,1
Lunchables_Bitch,herefromthere,1
Lydiagnostic,BagelTrollop,1
Lygophile,DoctorFlubbers,1
Lyonhart,JustVan,1
M0b1u5,wprtogh,1
M4gikarp,KommanderKrebs,1
MC_Samson,Spoonbills,1
MR777,Ftumsh,1
MTGCardFetcher,jaredski,2
MadMaxMercer,MeinNeger_,1
Madeforbegging,Hubbli_Bubbli,1
Makir,Krynnadin,1
Manic006,SpartanIord,1
Manqueq,rivatia,1
Maplemore,OhMrSun,1
MarbleSodaJunk,GGABueno,1
Marcus__Halberstram,haunter12,1
Marvelvsdc00,SharksPwn,1
MasterOfReaIity,FVCEGANG,1
Mattallica,Optewe,1
MeOnTheInternet,AwesomeNameGenerator,1
Meafy,thegreathobbyist,1
MegaHetch,onlineegamerz,1
MemeHermetic,Milo_theHutt,1
Mentalseppuku,Kidparkinsons,1
Mermbone,SepDot,1
MerryMacattack,Foxehh,1
MiamiPower,g_mo821,1
Miccheck1516,Kalibos,1
Michikid,themattwinsor,1
Miguelito-Loveless,banjoman74,1
MihalyOnLife,ms108,1
Mikeydoes,wherearemyfeet,1
Miniappolis,dizziestbeef,1
MissAnthropy1982,Fuck_Squad,1
MisterNetHead,NOTbelligerENT,1
Mitch_from_Boston,snutr,1
Mitchhhhhh,myfavoritethrowaway6,1
Molonious,MyHoovesClack,1
Morigain,alex_omul,1
MortFeld,Mexicanfood_and_feet,1
Morukil,SandFalls,1
MrCombineSoldier,RYCBAR,1
MrHerpDerp,alge4,1
MrTossPot,stef-witt,1
Mr_James119,Marya_Clare,1
Mrka12,ElderWarden,1
MsBennet,windoverxx,1
MuffinCuddlePuddle,ffemino,1
MulhollandDrive,Warwoof,1
MutatedKoolaid,Barely_adequate,1
MyNameIsToken,pxsoulxq,1
My_0-3,doctechnical,1
MykeXero,hr_spunkt,1
MysteriousSqueakyToy,ohkatey,1
MystyrNile,CUvinny,1
NC_Law,Vogeltanz,1
NDWolfwood5268,p2pirate,1
NN77,EvilMonkeySlayer,1
NUCLEAR_HERO,rory_baxter,1
NYR513,LHR-JFK,1
NachoLawbre,Chimbley_Sweep,1
Nachteule,dougiefresh1233,1
Nanocheese,qH3thzZ7,1
Nanoo_1972,loungesinger,1
NarcissusGray,Luna_Lovelace,1
NastyZ28,ljog42,1
NatesMediaWorld,Tibyon,1
NathWindu,lolwtfidk1,1
Nattylight_Murica,BowtieMaster,1
NefariousBanana,cantevendeal,1
NegligentKarma,LobBobBlob,1
NeoTr0n,pseudocoder1978,1
NerdCrush,m1a1tanksauce,1
Neurorational,LeinadSpoon,1
NgoPro3PO,ricebomb,1
Nifttyyy,lungora,1
NightHawkRambo,bigmac80,1
NijIpaard,JujuAT,1
NinerT,diddykongisapokemon,1
NineteenthJester,heytherehothere123,1
NintendoPilot,OrpheusMusic,1
No_Long,Knightwolfgotg,1
NomNomMeatballBanned,-BasedGod,1
NortySpock,Dudely3,1
Not_Pictured,nivlark,1
Noventus,vitoe01,1
Nowhere_Man_Forever,Newsuperstevebros,1
NoxiousDogCloud,Harryheck,1
NtheLegend,blackgalion,1
NurseAphro,LetsRockDude,1
Nuwanda84,Alarid,1
NyDiYa,Levy_Wilson,1
NyahChaan,peatsahad,1
Nyonax,SmallerMe,1
OMGjustin,TheSpellingAsshole,1
OPSEC_pls,AnalJelly,1
OaSoaD,highlel,1
Oblivinatior,vrschikasanaa,1
Odrama,2tehbank,1
Ogudomang,Octopork,1
OhNoGahzilla,4x4prints,1
Okashu,Thrormurn,1
OldWolf2,lolyou22,1
OmenQtx,cexshun,1
Omn1mon,BareKnuckleKitty,1
OnAllDAY,Ligless,1
OneThinDime,Charles__Martel,1
OnyxianDragon,kz89,1
OooRange,wedewdw,1
OrbitalFacePalm9001,callizer,1
OtherPrincess,feathergun,1
OverlordXenu,n00bstackz,1
Owl_You_Need_Is_Love,thisguyiszak,1
OxoCuboid,kht120,1
OzEnigma2,oswld,1
Oznog99,CrispyHaze,1
P0rtable_Panda,Akeleie,1
PM_ME_DIANA_HENTAI,UnexpectedEndinfkgjs,1
PM_ME_NICE_THOUGHTS,jb014,1
PM_ME_SEXY_DINOSAURS,Thepunk28,1
PPCheese,merdock379,1
PaddoK33N_,the_psycho,1
PanicAtTheSisqo,Sh1g,1
Panory,MattBird15,1
Panzerker,Panzerker,1
PapaSolidus,EffrumScufflegrit,1
PaperStreetSoapQuote,FlyingRock,1
Parabellum25,Animedingo,1
Parent1,Lynyrd99,1
ParrotLad,biwinning12,1
Pedro_Lisboa,Holoduke99,1
Peechez,dqhigh,1
PeethLedger,mariuxpunk,1
Penguino13,Falolizer,1
Pentt41207,Zeppelinfan81592,1
PeridexisErrant,Hawconstein,1
Peter_Principle_,Naggins,1
Petskin,TwentyfootAngels,1
Phreec,JackCarver,1
Piggles_Hunter,william44isme,1
PinkQuestion,nachoqueen,1
PittsburghDM,Reed_Solomon,1
Piyh,emilskoda,1
PlayMp1,alltoocliche,1
PlayWithKimberley,Yevgeni,1
Plutoid,itsxeno,1
PoodleStroodleFoodle,The_1azy_Wabbit,1
Poop_is_Food,Lordcrispy,1
PopcornVendor,ahappypoop,1
PowderedDonuts,hriday85,1
PowerfulTaxMachine,LiteraryBoner,1
Praising_the_Sun,t-rex-onaskateboard,1
Prankster_Bob,definitelyjoking,1
Primetime22,pockets817,1
PrinceofPeaches,CancerReallySucks,1
PrincessOddish,vulporion,1
Princeyk,whitedawg,1
ProbablyInfinite,bryan1714,1
Prodigy-II,MegaSuperUltraThingy,1
ProfessorPoopslinger,bfg24,1
Professor_Trout,Gardevoir282,1
ProfoundBeggar,IFightClouds,1
Promotheos,Nollie_flip,1
Psyladine,uwhuskytskeet,1
PudgeJoe,Skittl35,1
Puffd,Anvillain,1
PurpleWeasel,mikelieman,1
QueenBrittania,HiDDENKiLLZ,1
RGBhax,DigiAirship,1
RWDMARS,DementedUnicorn,1
RabidMortal,chino_brews,1
Raff_Out_Loud,jfb1337,1
Ralph_Baconader,Superwasteful_sober,1
RammingIntoChicks,Uncle_Tom1,1
Ramstein,Vanetia,1
RandomAppleQuestion,thirdxeye,1
Ravenstown6,_DragonSlayer,1
Ravenwald,1237894560,1
RaxusAnode,Dnessen,1
RdmGuy64824,TotallyNotObsi,1
ReDdiT_JuNkBoT,slothcentuar,1
ReVo5000,pegupine,1
Realworld,aesopstortoise,1
Rebel_Scumbag,Deez_nuts_homey,1
RedheadCFforLife,privateprblms,2
Redneck_Rendezvous,COWRATT,1
Regyn,effinnewb,1
Remington_Snatch,JohnnyFire,1
Removedpixel,NoBreadsticks,1
RenkiDenki,assertiveguy,1
Reploosion,ThisUsernameIsMyName,1
ReportingAProblem,Spaceman_Spif,1
RettyD4,TheMisterFlux,1
ReturnofTheClap,tsukiii,1
Reukies,DescendsTheBlade,1
Rggity,Majoof,1
Rhendal,Wagglyfawn,1
Riddle-Tom_Riddle,Tokaido,1
RikaMX,Tripts,1
Rikku-Panthera,SittingInYourBushes,1
RinchanNau,healerbot,1
Riolasmtg,BeatupMckillyoustein,1
Rishfee,maurosQQ,1
Rob_1089,headmelt,1
Rockhawksam,-TheCabbageMerchant-,1
RockmanNeo,EATS_DOG_POO,1
Rockpyle,ialwaysknew,1
Rogue_Marshmallow,myjem,1
RookieNeir,Woolite123,1
Root-of-Evil,asianwaste,1
RosalindLettuce,Francis-Hates-You,1
Royeaux,Frazbee,1
RubiiJee,arathergenericgay,1
Runepup,FaithLyss,1
Russ3ll,jjwalla,2
Rwarss,Mecoolboy1231,1
SPNCER,NeedHelpWithExcel,1
SPOOFE,imoblivioustothis,1
Saiildvaenr,Jackdude01,1
Saintdemon,HarveyJYogscast,1
SakuraKaminari,toxicpaulution,1
Salchicha,SEUNGRl,1
SaltyBabe,Grumpy-Brewer,1
SamuraiDDD,drkatherine1,1
Sandestrachan,Gel-banana,1
Sanguifer,rbrockway,1
Scaredyfarts,ExpAwesome,1
Schlardar,I_AM_ICEFROG,1
ScienceGuyBillNye,sudopns,1
ScientistStephen,hover_boy,1
ScotiaTide,lapsed_pacifist,1
ScreamingGerman,Elfuego604,1
SdifOdh,timothymr,1
SeanCoonery007,HonorableJudgeHolden,1
SeeDeez,screecher7,1
Self-Aware,ahchava,1
SellinMayonaise,Dancatpro,1
SeniorCuddlebuns,Nihao2014,1
Senseismic,Pinky135,1
SenshiHiro,TophatsNTaters,1
SeptimusGG,SuperFreedomBadger,1
SerFluffywuffles,dmcredgrave,1
Seraph_Grymm,tobiasj,1
Sex-Haver,Novh,1
Sexyphobe,Da_Boom,1
ShaankZ,javixu1984,1
ShadowCow127,baoparty,1
ShadyFox,JbirdTF2,1
ShakeDeSnake,SawZwasAlreadyTaken,1
ShanaCC,Doorlird,1
SharkRancher,Atled,1
Shiroe_the_Enchanter,DAJAIR,1
Shished,blackviper6,1
Shitty_Human_Being,noFiddling,1
Shizune-Hakamichii,Izaya_Amai,1
Shnook82,Shizo211,1
ShrewdApollo9,robszombiez1,1
Signs80,alim149,1
SilentBeetle,tadhgerty,1
SilentJac,donpapillon,1
Silent_R,frostwyrm99,1
SilverCookieDust,Lane_Anasazi,1
SilverFlare,shaionei,1
SimpleChemist,pokesyris,1
SingleMulletTheory,Camp_Anaawanna,1
SirLargeWang,Bauxe,1
Sir_Brags_A_Lot,Darkerion,1
Sir_Marmalade,AnonymousXD2,1
Sir_Nameless,alaska1415,1
Skittlebip,WelcomeToANewLife,1
Skrp,WithMapsAndFortune,1
Smells87,Wallsie,1
Smirth,yuzvyak,1
Smokes00LetsGo,kpyle,1
Snow_Regalia,adv0589,1
SoFlo_Dixie,Manus_of_the_Abyss,1
SocksForBreakfast,ViciousLooRoll,1
SomeNorwegianChick,kimiko1443,1
SomeoneCutCarlsHair,hawksfan81,1
SomeonesBirthday,MoogleBoy,1
Sonicboomdrive,potentialPizza,1
SoullessGingerCat,killakhmer773,1
Soundless_Pr,CatMadeOfFur,1
SouthShoreBum,mrjackspade,1
SpamSpamSpam2015,V3NUS_M1NER,1
SpartanMonkey,newtothelyte,1
Speed__Racist,niggersareyuck,1
SpetS15,slaya33,1
SpewsALotOfBullshit,mctuking,1
SpiffySwim,ClearlyInvsible,1
Spire,terranotfirma,1
SpiritualSuccessors,swiheezy,1
Sportslegend,TheSportsGuy23,1
Squatbarcurls,utexaspunk,1
Sr_Marques,batmaaang,1
StRefuge,KingMooseMan,1
StabbyPants,rexdartspy,1
Stamp2,all3z,1
StaticBeat,LiveTheChange,1
Statically,Mr_SportsEntertainia,1
StealthSpheesSheip,bluejaysbatboy,1
Stefanienee,RumpleAndBelle,1
StormtrooprDave,PretzelFucker,1
Straycat1979,straydog1980,1
SuMoto,Sk4ld,1
SuckItTrebek01,Feverdog87,1
SunOsprey,iSomeKindaNinja,1
SunshineBlotters,litwinski_polska,1
SunshineHighway,SabreSaint,1
Sunuvamonkeyfiver,baconsoupfordays,1
Sunyeoshidae,Spazsquirrle,1
Super_Pancake_Skunk,IrisGoddamnIllych,1
Supercaliswagilistic,StockJock-e,1
Supersnazz,callyousaturday,1
SushiAndWoW,KyleChief,1
Suzohunter1,DGweekly,1
Swibblestein,kirbykaz,1
Syledric,AFalseUser,1
Synux,not_old_account,1
Szos,Sir_Lemon,1
TAKATTAK,fromDGtoCG,1
TIGERFIREJUMP666,Spoonbills,1
TRex77,foxlongj,1
Tacoman404,quadriplegic_cheetah,1
TailExpert,neutron_,1
Tanelg,Salad_Fingers_159,1
TangoZippo,DatTriple,1
Tehgumchum,clurt,1
ThaddyG,SJHillman,1
ThatEnglishGent,jmsspr94,1
ThatGreenGentlemen,callmebv,1
ThatGuy4679,NewRedditorHere,1
The-Doctor-94,WookiePsychologist,1
TheAdmiralCrunch,Rogerss93,1
TheClayroo,CoisasDoFabio,1
TheDerpyCause,deplume,1
TheDevilsAdvocat,SaveMarlaSinger,1
TheDudeNeverBowls,kksred,1
TheDutchTank,Och_Aye,1
TheEw0kGamer,WigglingFerns,1
TheExtroll,heyletsdothis,1
TheFormidableGiant,Dariosrna,1
TheInternetHivemind,boomership,1
TheLateApexLine,Drunken_Consent,1
TheMightyMrM,Ico_Kathaas,1
TheNitromeFan,atomicimploder,1
TheOddQuestion,MrJacksEnigma,1
TheOffTopicBuffalo,icrackedittv,1
TheOneWhoKnocksBitch,TheDemonClown,1
ThePeskyWabbit,mootball,1
TheRealLHOswald,zWeApOnz,1
TheRedComet,d15b2,1
TheSupaBloopa,PeteTsar,1
TheTaoOfOne,MannoSlimmins,1
TheToothlessDentist,Aeon___,1
TheVangu4rd,Grumbleduke7749,1
TheVexxel,TummySticks,1
TheWiseMountain,SeismicAltop,1
TheZeven,Pokemon-Master-RED,1
The_CT_Kid,colonialsarcasm,1
The_Entire_Eurozone,YonkouProductions,1
The_SJW_Jew,TeDeumLaudamus,1
The_Sven,zissou149,1
Thebestofbothsites,firethrough,1
Thebigbabinsky,imLucki,1
Themantogoto,nichts_neues,1
Thenateo,dementperson,1
Theoddthunder,SoraXes,1
Therabidmonkey,ngorgi,1
TheyJustStrutWTF,fittysix,1
Thorse,badf1nger,1
ThrowingItAwayBB,thetripleb,1
ThumbsUpAsses,Tdiddy8,1
ThunderStun,Rambohunter16,1
Thunderbeak,naraic42,1
Tiak,Quiddity99,1
Tiako,potato1,1
TiiiMMMaHHH,ryanweiskopf,1
TimPartendale,PookIsLovePookIsLife,1
TimSykesMillionaire,andr2402,1
TimberTaft,Not_A_Velociraptor_,1
TimeTravellerSmith,-_-Edit_Deleted-_-,1
TinFoiledHat,Pint_Of_Bitter,1
Tinfoil_King,BitchesGetStitches,1
TissuesAreGreat,EnadZT,1
TitanReign25389,Illathrael,1
Toasiddy,El_Hoxo,1
TocoTaco,pintsofguinness,1
TomKell,th3darkn3ss,1
TonyBest100,JimmyBoomBoxx,2
TopsDrop,Anthonyandricciola,1
TotallyKafkaesque,swamptech,1
TotesMessenger,DerberAuner,2
TreeFiddyBot,Edward_abc,1
TrevorSlattery,EnkiduV3,1
TreyosaurusRex,chugyourbeer,1
Triton900,sebastiansly,1
Tulip-Stefan,mercer22,1
Tundraaa,Doug_McDermott,1
Turbobear_,Vala_Phyre,1
TurdFerguson27,TriMageRyan,1
TweetsInCommentsBot,coolwanglu,1
TwistyReptile,Fox_of_Freddys,1
Twitter_Beef,NYDon,1
TychoCelchuuu,Discrete_Fourier,1
Tykjen,y3t3R,1
Typicaldemon,FantsE,1
TyrionDidIt,SageOfTheWise,1
Ua_Tsaug,Sckav,1
Uberwitz,Fullmetalslug,1
UncleS1am,Pandinus_Imperator,1
UndeadCaesar,_funtime,1
UnluckyLuke,dfkj12389,1
Uppercut58,imaniceperson,1
UrfinJuce,Clockweiss,1
Urik88,balc9k,1
UssarTheProthean,BTechUnited,1
Vala_Phyre,Pantscada,1
Valkyrie21,ferry888,1
Vanillahate,HirudinaeVicis,1
Vascurie,Arkayzer,1
Vegall_st,CodeBlue_04,1
VeinerSchnitzel,bnicoletti82,1
VelociraptorPirate,KrewTawns,1
VeniBot,TheDumbGames,1
VermiciousKnidzz,caesarfecit,1
VeryGreenFridge,dintclempsey,1
VictorBraendstrup,forsakenvixen,1
Victory33,PlayinWithGod,1
Vike_Me,Ratham2,1
Viktormizer,big_papa_pump,1
Vinnie_Vegas,misfit_hog,1
Violander,Chenstrap,1
Vitus13,jyone13,1
Wakka_bot,jposan,1
WalcomS7,RedFalchion,1
WalrusJones,Minrathous,1
Warqer,HockeyGoalie1,1
Washington_Fitz,AndrewGNA,1
Wasted_Plot,rmivuxg,1
WatchingStorm,othellothewise,1
WesternOligarchist,Bizzy_Dying,1
Wh1teMorgan,POVPirate,1
Willravel,newformula,1
WindamEarle,rufus_ray,1
Windowlicker79,elmosslave,1
Wizardofsmiles,Azuryon,1
Wonderkid_from_Mars,newbie80,1
Wonton77,LaserBison,1
WookiePsychologist,swolezilla69,1
Wrathinheaven,Itokichi,1
XZEKKX,rofl_pilot,1
Xaethon,scottevil110,1
Xalechim,televisionceo,1
Xanius,NameIdeas,1
Xanzinar,Supaflydawg,1
Xifer-D-NAND,EffrumScufflegrit,1
Xo0om,thecleaneone,1
Xydin,ARandomColouredDude,1
Y--Z,HackedToaster,1
YamahaRN,budgetpharmaceutical,1
Yami-uchi,ShinshinRenma,1
YepYepImaRep,ONLY_POST_DANK_MEMES,1
You_are_Retards,davidtoni,1
Yourbuns,DaenTargaryen,1
ZadocPaet,angry_dorkbot,1
Zenarchist,complex_reduction,1
Zero-Striker,ActionGamemaster,1
Zonus_,Ireniicus,1
Zward78,lockdown36,1
Zwizzor,MCCornflake1,1
_420CakeDay,zetsui,1
_Decimation,GreenyDev,1
_Gondamar_,Liveware-Problem,1
_HagbardCeline,Padawanbater,1
_IAmMike_,brownsfan125,1
_JesseJames_,andreycyborg,1
_YEEZUS__,aspark32,1
__Lain,Phyzic,1
_benj,Jmainguy,1
_datjedi_,brieoncrackers,1
_lilPoundcake,crowofsadness,1
_masterofdisaster,EazyYi,1
_rs,ErynaM,1
_throwaway_baby_,DC4S12,1
a_wandering_vagrant,GoingPole2Pole,1
aacarbone,buges,1
aanagno,Duckwen,1
aaronrenoawesome,dgoberna,1
abloopdadooda,Sivness,1
activitus,turtlebait2,1
adarkfable,Skwared,1
adeptsloth,Juan611,1
adv0589,Logan1565,1
aerger,SteadyHamms,1
agage3,Phoenixdown2621,1
aiurlives,jayond,1
aizen6,whatacrappyusername,2
ajay182,ClockOfTheLongNow,1
ajisai,BoomChuckle,1
akicakes,hopelessaddict408,1
al_qeal_yall,1212thedoctor,1
alamarco,GloriousGains,1
aleramz,Watsyurdeal,1
allegedlyalienated,rtc129,1
alligatorterror,bigtips,1
alpacaown,Andry86,1
altnoname,saptsen,1
amcdermott20,qverb,1
amelia_earheart,rhizomes,1
ampartlow,drklrdpcky,1
analogboy56,aedeos,1
anfsuioen,KalSkotos,1
annul,LSF604,1
anonoman925,MrCapitalismWildRide,1
anonymoooooooose,shitjoesays,1
anshr01,SCsprinter13,1
antimatter3009,absynthe7,1
antonholden,Thehealeroftri,1
antrlaucius,lelepons,1
apinkgayelephant,Cadfan17,1
applebeesplatters,ggmb_klez,1
arborcide,rizombie,1
arcticlynx_ak,Gamer_Boyfriend,1
argyle47,ipiranga,1
artemisdragmire,Nakairian,1
asdasdgfrw,SpyroAlmighty,1
ashlagator,xwatchmanx,1
ashleybotts,eraser34,1
assbucket92,Thunder_Powny,1
assbutter9,Irish_McIrishson,1
astalavista114,Rowdy_Batchelor,1
atlanta55555,nocioniisgod,1
aussie1530,Ringadingbaby,1
autonomousgerm,retrobuddha,1
b1eb,eggsbaconcheese,1
babybowser101,HyperDan2000,1
backtowriting,StWd,1
bada-dada,JeanValJeanVanDamme,1
bags11bags11,HunterReddeh,1
ballamanjr,Phantom-Shot,1
banfromallsubreddits,p56741944,1
banjofish,themanp15,1
banksnld,BliceroWeissmann,1
bantha121,MegaRapist,1
bastegod,advillious,1
battlebattlehooah,Paid-Israeli-Shill,1
baygulls,sirfangs777,1
bdiesburg,luna_noir,1
bearjuani,smarterthanyoda,1
bebewow,FeelingSpish,1
beckymegan,alexpiercey,1
beer_4_breakfast,Avatar_Of_Brodin,1
belibelo,AndrewToth,1
belisaria,mbreckers,1
belte,Antidote4Life,1
beltorak,StrokeIt416,1
benderthebrobot1,Hellohungryimdad1989,1
betaray,medguy633489,1
bettsshawn,KaitoGL,1
bhaiyamafkaro,Thatsnotwhatthatsfor,1
bigDean636,mangopear,1
bigapplepietart,illdill,1
bigbowlowrong,octowussy,1
bigexplosion,MOE37x3,1
bioszombie,PavelSokov,1
bitrollar,icankillpenguins,1
black_rose_,Plundersquirrel,1
blacklab,Arkadii,1
bleunt,AQUA2,1
blkdeath,Duckman1337,1
blortorbis,Timorm0rtis,1
blue1748,ernunnos,1
blueraider615,nonetimeaccount,1
boardsandbikes,seamushoo4,1
bobartig,Darkm00nBr0,1
boison024,Snorkler978,1
bolivar-shagnasty,Windows_is_locked,1
bookwithoutpics,ThoseArentMuskets,1
booooam,cheeseontaoist,1
boringlesbian,kicksnutsandbolts,1
boxing_nba_allday,OHeyImBalls,1
br3or,st0neh,1
brandon0297,Godisbull,1
bravoart,madanna,1
brawlin_bert,The_Magus_199,1
brenan6,phoephus2,1
brettievedder,Sir_Duke,1
briliantlyfreakish,trappedinthetardis,1
broccoliYT,not_an_aardvark,1
brokenURL,beerbabe,1
brufleth,Dubanx,1
bthoman2,rhadamanth_nemes,1
btsierra,aspark32,1
btwebb,_BindersFullOfWomen_,1
bugbits,Romymopen,1
buggy65,AverageCLTfan,1
bungsana,idevxy,1
burningretina,Braekyn,1
butter14,thelizardwizard,1
byntje,redcommodore,1
cakesphere,artartexis,1
callanrocks,PugsDerpHarderThanU,1
callmestoner,antirungel,1
camel_towing,Jamelao,1
camerota,jamiecoy,1
camgibb_osu,Aveik,1
canadianbydeh,Cadllmn,1
candies_sweets_sugar,stereofailureohno,1
canteloupy,cflo73,1
capitoloftexas,rushingfox,1
carl2k1,Swarleymon,1
carlsaischa,JiveTurkey1983,1
castort,fgycjabw,1
catmoon,looselucy23,1
catsinbranches,golocalsportsteam,1
ch0m,FistOfFacepalm,1
chabanais,stemgang,1
chaos122345,combatmalamute,1
chictyler,minichado,1
choikwa,Bloody_Khan_Man,1
christ0ph,dm18,1
chrisv25,TheHuscarl,1
chungEchungs,frankenmine,1
cjames704,rylecx,1
cjguitarman,RequiredReading,1
clamsmasher,thedragslay,1
clay_,jayhilly,1
clowny115,Honeyroses,1
clutchest_nugget,Nichijo,1
cmays90,leontrout00,1
cmd_iii,Hactar42,1
cocaine_face,HappilySingleWoman,1
codayop,TheGreatJewishCowboy,1
colablizzard,sudheer450,1
colejosephhammers,dimnakorr,1
colette0101,LizzyIsFalling,1
comfortfoodzombie,pfods,1
conceptalbum,EnigmaNL,1
coolcatjones,JTH2014,1
cormega,squashedbananas,1
cosmograph,murdahmamurdah,1
counterc,raiker123,1
cow_co,VanillaTortilla,1
cozy_smug_cunt,mn_pepper,1
crazedgypsy,DaUrn,1
crazzynez,BayouNaga,1
createthatbabynow,sun_son,1
crispychoc,AllezCannes,1
croakovision,nucwin,1
crownpuff,Alxdo2,1
csp256,Dark-Ulfberht,1
cupids_hitman,Nichase,1
curious_george23,Jackal_6,1
d07RiV,Kipiftw,1
d33p_th0ught,ChRoNicBuRrItOs,1
dafirnz,drzels,1
dagit,IHaTeD2,1
dainw,platoandfriends,1
danielrockstreet,anti_human,1
daprodigyx19,generalquarter,1
darkmighty,InkTide,1
darksmiles22,Jaykwon,1
dasdre,Lankus,1
dat_bass2,ilovesao,1
datguyfromoverdere,Misguidedx,1
davidreiss666,TAKEitTOrCIRCLEJERK,1
deathmonger87,Cyntheon,1
deleted_in_frustrati,fencerman,1
delta835,shinymuskrat,1
denyoo,encoreAC,1
dexy_em,Tubekid1970,1
diablo_man,dagwood111,1
dianasaurus-rex,hipsterrobot,1
dickbutt_esquire,Hierax33,1
diddlydiddler,backl_ash,1
diegojones4,MissLannister,1
dietotaku,pretsyl,1
digitalgadget,puddlewonderfuls,1
dimitronci,EGDoto,1
dinosaurcowboy,kherby,1
dishwasherking459,WaffleEater123,1
dmkicksballs13,geekworking,1
docshay,cpennington,1
doorkn00b,tune4jack,1
doxiegrl1,Epistaxis,1
dr_sergen,dienah13,1
dr_zevon,ThatSlaveGirl,1
drakedijc,ElPuppet,1
drenndak,Andrizzles,1
drumsripdrummer,agloeRegrets,1
dryhuskofaman,enrageisnear,1
dstutz,NomadikVI,1
dtaylor84,archersongs,1
duffman13jws,TrippyVision,1
dukiduke,Woolite123,1
dundent,hightiedye,1
dunktankbaptism,mrssailorwife,1
dxkillr,rhoslyne,1
dyskutant,storyandsong,1
eapocalypse,wheycopter,1
earl_smith_thethird,Jewwannasmoka,1
eastcoastgamer,princeps_ubica,1
eclectro,3v3rm,1
eddasong,realslowtyper,1
eem5,revolmak,1
ehManiacal,n0stalghia,1
ehgray,Dvdrummer360,1
ekolis,_tanc,1
elgraf,duality_complex_,1
ellran,mcotter12,1
elphieisfae,NFrp121,1
elusgrv,blueintrigue,1
elysiium,TheTrickster16,1
enantiodromia_,sexfighter,1
enixthephoenix,Abasaken,1
enzolt,bsaget1234,1
erack,the_banana_eater_1,1
estrangedeskimo,Glaceon10,1
everyone-is-a-victim,Scrubnificant,1
evex_kneesox,ChantzNhell,1
eweidenbener,mysticmusti,1
ex_ample,Teddie1056,1
exonwarrior,a_esbech,1
f_e_d_e,felix-d-valois,1
faketourettes,SpoonGuardian,1
famoushippopotamus,IndirectLemon,1
fdagpigj,Wulfruna,1
feldamis,tehnewme,1
fencingkitty,elem08,1
fernando_69,gnopgnip,1
ffxivthrowaway03,Dante_777,1
fiddygalluns,adventerous_one,1
fighter5091,JD1313,1
figshot,Jay-El,1
finelikethis,Late_Dent_ArthurDent,1
fishbert,DjLaserShark,1
flacciddick,____ZOIDBURG____,1
foolmetaljacket,OfCthulhu,1
footlong_ePeen,fiskek2,1
forgetti,BTechUnited,1
forking_lemma,noholds,1
fortuneandfameinc,shlater,1
foxymomo1156,Scousev90,1
frasoftw,codebeats,1
frostedeggs,Scarecowy,1
frostpudding,greenconverse11,1
frotc914,existentialdude,1
frownykid,encoreAC,1
fuckspeciesism,AnnArchist,1
funnyfarm299,rewboss,1
funobtainium,oldwhatshisfaace,1
funruckles,OMGWTF-BOB,1
futurespice,ichabodsc,1
fwidianto,Jokorare,1
fyodorkafka,TheQuipton,1
gad-gada,PinkeGambit,1
gamas,justthisplease,1
gamerorange,Justifled,1
gandalfsmagicgaydick,DeepThoughtzz,1
ganon0,anacrassis,1
gasconstantr,gasconstantr,1
gearofwar4266,InukChinook,1
gellers,strangenchanted,1
gerradp,dragunityag,2
gimpwiz,FUCK_YEAH_BASKETBALL,1
giventofly_2424,Paradigm240,1
glr123,communist_llama,1
goal2004,Echelon64,1
goatismycopilot,Wexford_comp,1
godotisnthereyet,xX_xelnaga420_Xx,1
gomanio,Gage_Creed,1
goofygooberrock,Kromulent,1
gperry52,Pinko_Eric,1
greatsircat,Plopoholic,1
grokas,emptyglass_15,1
gronkkk,vlepun,1
gsnedders,mdnrnr,1
guinnypig,deadlast,1
gunch,MMAbandit,1
guysimreallybad,El_Pipone,1
gynganinja,KlugerHans,1
habarnam,atomnuker,1
hailtheblackmarket,foundryguy,1
halberdierbowman,erraticBandit,1
harrydesmart,timo103,1
hatfulofmadness,trueminimalist,1
hayleysnow,TommyAr,1
haze-galli,xMephist0,1
hearwa,passwordisshared,1
hellobitcoinworld,Bg002h,1
hephaestusroman,attractivenuisance_,1
hett,forgetti,1
highflyin,lunchboxg4,1
historicusXIII,NuruYetu,1
hittman619,croastbeast,1
hmtiger86,NeatoCogito,1
hopeless_romantics,Orzislaw,1
horsipeesi,mygqaccount,1
hossamg1493,Cexgod,1
hovissimo,boxzonk,1
huhwhatweird,Moruitelda,1
hungrydruid,hipnotyq,1
hvaleco,hvaleco,1
i-need-a,Toastwaver,1
iLobdell,bubbafloyd,1
iamjomos,RafiakaMacakaDirk,1
idMisteroe,KamiCon,1
idontbuyitsodonttry,SmoothMarbleFloors,1
ihatecats18,dubsdcarson,1
ihc_hotshot,ZiggyTheHamster,1
ijustinhk,Whalee,1
ilbavirgin4yu,nogoodliar,1
ilikedastuff,therealdarkcirc,1
ilikewc3,mightcommentsometime,1
ilkless,OstensiblyEsoteric,1
imacrocodile,kimchi-chronicles,1
imoses44,seemedlikeagoodplan,1
imperfectman,GordonSunders,1
incaseofire,TanFlo1997,1
incruente,Flojani,1
internetlad,AbominableShellfish,1
inwats,MJ_Feldo,1
irishgoblin,ethanice,1
irishlimb,kenmaclean,1
irregularcontributor,sbstnb,1
itsjh,sniper989,1
iwishiwaswise,NewerEngland,1
izmar,evilchefwariobatali,1
izzgo,WithPenandScript,1
jabertsohn,Smoog,1
jack_skellington,Quierochurros,1
jackychenlj,jenserino,1
jahnkeuxo,TtarIsMyBro,1
jakester4575,ZoomboPlays,1
jamesz_95,slpfeife9651,1
jane_in_your_brain,fuzzyfractal42,1
jardeon,mynameisalso,1
jasonlotito,JerkstoreMD,1
jazzyy,dinsick500,1
jcomfg,luuvin,1
jcool00d,Stealthynoob,1
jeffanie96,SansaScully,1
jelly_cake,boxfactory76,1
jesuspunk,ThisAccountsNotBannd,1
jimmery,IyahBingy,1
jinxnotit,zmeul,1
jkhanina,Sohcahtoa82,1
jmerridew124,Wallballs,1
jo_maka,BuddhasLittleWarlock,1
jobla6,Babygrip,1
jobsak,leeharris100,1
joe5joe7,rusyaas9,1
joehatespotatoes,BamaCrimsonTide,1
joethesaint,aspiringactuary4,1
jonewman,Psychobugs,1
joshkg,Westysnipes,1
juhamac,Elukka,1
jumpyg1258,awsears25,1
justafanpassingby,jklz,1
jwad650,arto,1
kabamman,MrBlister4U,1
kakanczu,ljdawson,1
kangamooster,DerpTheGinger,1
kangarooody,Elieson,1
karasuhebi,Jail-bot,1
karhall,thunderling,1
katkriss,bcdm,1
katyaminx,eruditus_rogue,1
kavortino,LaziestNameEver,1
kaybo999,SolarClipz,1
kazga,MrFunEGUY,1
kcadamc,GoingPole2Pole,1
kchan3443,King_Glyph,1
keepitcleanthistime,mrm9mro,1
kelelawar,honeyhut,1
kellyj6,lovesamoan,1
ketas,Taxoro,1
kfctrent,themactastic25,1
kielbasarama,RatTaco,1
kindofreally,suburban_hyena,1
kinjuk,JuzzyDee,1
klug3,Salguod14,1
knightmanmarcheson,ChanceVance,1
kodack10,dNinjakiwi,1
kortwhitt,idislikekittens,1
kruis,totallynotdocweed,1
kryonik,WRRRRRRRRRR,1
ktchong,thndrstrk,1
kukiric,marioman63,1
kuribandii,misslovcat,1
kwantsu-dudes,Y_UpsilonMale_Y,1
l337kid,Capn_Blackbeard,1
lWarChicken,mowbuss,1
lafinass,gracktica_flogout,1
lavasava1,calliphi,1
leakproofgrain,mhm33,1
lemonberrychic,smeethu,1
lemonylemon93,itsanrnotau,1
letsbesnapbuddies,MacaroniRainbow,1
level_101,FloraHyalina,1
liberulo,littlestseal,1
lightwell,mozzaman,1
linuxguruintraining,dakapn,1
lion_in_a_coma,wingspantt,1
lobstermidwife,sorry_I_said_that,1
loketar,bablume,1
lolalodge,imonmymobile,1
lolodotkoli,f_u-c_k,1
loner_ru,DavieJG,1
look_at_the_sun,ViperVaporLLC,1
lordlardass,broncosandwrestling,1
lordofchus,petsounds94,1
lordspidey,sterdaly,1
lost_in_thesauce,dancermikeroach,1
lotr818,sushidrew,1
louisCKyrim,frankenham,1
low750,rjinaz,1
lsdcc,Malobonum,1
lucidusmentis,sdglksdgblas,1
luciusXVII,Gamzee1984,1
luckyJack4412,TotesMessenger,1
lucy42,MoonPieNYU,1
lukendyer,NHFC,1
lurkinreddit,ItsSansom,1
lycao,FudgeMcDuck,1
m-p-3,gollumaniac,1
m2i5k6e6,MustBeNice,1
ma0s,worldsthatneverwere,1
mageta621,idk112345,1
mags_bennett,idislikekittens,1
majerus1223,tuba_man,1
manofmustache,razorbeamz,1
mantiseye,TheJDK,1
markbuch,djkretz,1
markpackuk,markpackuk,1
masher005,waeva,1
maskdmann,hamfraigaar,1
mattinthecrown,_stonecoldsaidso,1
mattjeast,revmoo,1
maverck,FraKKture,1
mblitch,swiss_army_dildo,1
mcorradino,uberhaqer,1
mctheebs,ccalipha,1
mcwilly,skatastic57,1
megg_mcmuffin,vh65,1
metaxzero,MizterUltimaman,1
mfa9,kawchman,1
miaouz13,WhosYourDade,1
michaelbixby,Zhouzi,1
mikefitzvw,TaehlsGolightly,1
mikeybty,NotQute,1
million_monkeys,bunker_man,1
milly_nz,HugsForUpvotes,1
miloohmy,CooperEarly,1
mindfucks,Cyrius,1
minedwiz,ForWitcher,1
misanthropicusername,VanillaMoonPie,1
mjarc,matthank,1
mmkramer,Cletus_Buckwheat,1
mmuoio,Zeppelinfan81592,1
mobamaster,magic_is_might,1
moistFUPAcheeze,sidewaythighgap,1
mommy2libras,Krumpberry,1
momslatin_dadsasian,trrrrouble,1
monkeysrule123,sielingfan,1
monkeysthrowingfeces,cumberger,1
moonyeti,zandrew,1
mormon_questions,ControlFreakExMo,1
mr1337,danxdanger,1
mrbobbyg,Albedineity,1
mrbobsthegreat,ParisPC07,1
mrderpicusthesecond,The_Yak_Strikes_Back,1
mrpither,readingonmyphone,1
mrsthrowjangles,OnThe_DL,1
mshmoon,sageamagoo,1
mspublisher,hirotoo,1
mtgmanguy,j0mbie,1
mugglemagic,Zes_Teaslong,1
murder_nectar,rikku45,1
mydaddyisadrunkass,NoisyBallLicker,1
myluckyfeet,ethan_kahn,1
mynameisnotalec,DontuhStopuh,1
myne,daTom24,1
myothercarisawhale,bcGrimm,1
mystic_satvik,Tia_and_Lulu,1
n609mike,brock_lee,1
naked_ditchdigger,WindamEarle,1
nallar,Aggregationn,1
neckbeardsftl,Eclectic58,1
nelish,brainstomp,1
neptuneagent,MacduffFifesNo1Thane,1
newcomer_ts,NerdMachine,1
niggersareyuck,Fapologist,1
nimsoh,johndolby86,1
ninjacupcake476,PlasticDynamite,1
nisky2000,Kyurem99XD,1
nm1745,good_guy_khan,1
noirargent,ricardotown,1
nokiathroatspray,thekozmicpig,1
norumbegan,Kromgol,1
noshannonigans,Billy_the_Kid,1
not_a_,riannargh,1
notanuisance,MoebiusStriptease,1
novastarlight,HagerEKU,1
nurdboy42,mademoiselleboite,1
nygreenguy,Astrognome,1
nyldy,anoncy,1
nynatives,artemisdragmire,1
obeasesnowflake,ray_dog,1
oberonbarimen,A-Shitty-Doctor,1
obscure123456789,LicenceToBill,1
odysseuslied,AlphaEnder,1
ohnoyoudidnt29,TheSubversive,1
ohwhatawittymoniker,Dumbgecko,1
okapiis,Shutupredneckman2,1
one_love_silvia,Jph1181,1
onelamefrog,DreaminOfBananas,1
oneonetwooneonetwo,PiggySoup,1
onlylivingboyinkyoto,Asashosakari,1
opt1kal,fleebleflobble,1
oregonducks2922,64voxac30,1
osirusr,Tantric75,1
ot4con,ou-est-charlie,1
overthetop88,cubay,1
ozaq,lux_roth_chop,1
ozsisisi,Atopha,1
p2pirate,BirdsOfAres,1
p4nthers11,GryphonNumber7,1
p_j_w,chadkaplowski,1
pagaladmee,UnicornWiz4rd,1
panamaquina,inu29kza,1
pantsupantry,o0James0o,1
papagelos,Sheyko,1
parkerlreed,AdShea,1
patentlyobvious,pensee_idee,1
pedrobrandao,iloveamsterdam,1
peeeeeeet,kakekjeks,1
peekay427,bradgrammar,1
petrolfarben,Walking_Pneumonia,1
phatsmackey,tormentlive,1
phedre,noscreamsnoshouts,1
philo_slothical,Colin_Kaepnodick,1
pker00712389,amijustamoodybastard,1
please-dont-hurt-me,Phantom_Green,1
pogtheawesome,xenobuzz,1
poopsomatic,eoinster,1
pork_hamchop,SHUT_UP_PEDANT,1
potpan0,weblypistol,1
powder1,TomTom_on_a_Tauntaun,1
pppk3125,MayorBee,1
preggit,scPolecat,1
prof_talc,Fangqaz,1
punchyourfacein,ShachonianX,1
pupae,6ksuit,1
pynchme,ThatFlemingGent,1
qassem_suleimani,KingQajar,1
qergttj,PMeist,1
queenashi,TheSunsSon,1
quigs17,Reddit003,1
qwertz_guy,Sji67,1
rIndia_is_mini_MSM,IndianBureaucrat,1
randomaker,SpicyMcHaggis206,1
rattatatouille,CursedNobleman,1
rbace,Ch1mpanz33M1nd53t,2
rbncousin,IDK_away,1
rdfiasco,KRABNASTY,1
rdibiase92,fantasyfootball1234,1
recordcollection64,NightmareSyx,1
redalastor,Phrencys,2
reddit_no_likey,ImGumbyDamnIt,1
reddtipbot,PoliticBot,1
regularbastard,murse_strong,1
ria1328,surprise_pumpkin,1
right_in_two,Jayrmz,1
rileyrulesu,stormhunter1,1
ripper999,YEMPIPER,1
ripweld79,DracoAzuleAA,1
rjinaz,jerkiusmaximus2,1
roadseagle,veepeedeepee,1
robjapan,metal_4ever,1
rodada,bearofmoka,1
rolfski,xWarMachineTE,1
romparound,Jesus390,1
rootb33r,sickgrof,1
roscocoltrane,cardevitoraphicticia,2
royallights,TimiNax,1
rsXI,Furreon,1
rugger88,Allokit,1
ruminescent,monstahtron,1
rvbjohn,TSTMWKU,1
rwwiv,tehosiris,1
rxsheepxr,redground83,1
ryanmercer,thismock,1
ryswag123,Second_City_Saint,1
s1295,Devonmartino,1
sabin357,WhyIsMyNameImportant,1
sachalamp,filledesinge,1
sachikou,DMthePerson,1
salacious_c,Cevolian,1
salakasto,acllive,1
sambowlby,airstrike,1
samwitches,ayybubz,1
sanesan,Cayou,1
schoocher,GetSetGo87,1
scottevil110,wwickeddogg,1
scottpontiac,gameofbands,1
screwupmaster,iziasys,1
scrubbingbbl,Swany,1
scrubleee,Lobrian011235,1
scrubzhero,hoyfkd,1
sdana,BeanFlickinMachine,1
sedditseddit,ArcanusFluxer,1
seikenguy,Stilwell__,1
sektorao,thegaysenator,1
serbian_swag,FonsoTheWhitesican,1
serjery,badsoul69,1
serotonin_flood,youhatemeandihateyou,1
sethboy66,Crunchendorf,1
sheepcat87,mandragara,1
sheikheddy,kalitarios,1
shemp33,Bisoux,1
shinymuskrat,CerryTrews,1
shootersid,ShitAroma,1
short_stacked,JohnDough01,1
shrinkwrappedzebra,OBJesus,1
shun-16,TruNinja619,1
sideslick1024,_Blueshift,1
sir_wankalot_here,scummcdirt,1
skeezyrattytroll,downvoteboobs,1
skulblaka,Tokaido,1
skwigger,Calous_Endin,1
skyzefawlun,mercury187,1
slimejumper,linkinstreet,1
slothscantswim,BrassBass,1
slowaschalk,greenday5494,1
smallandwise,Ryslin,1
smashsenpai,LawfuI,1
smoike,givemegingerale,1
smurfhunter99,The_Betrayer1,1
snakebaconer,ashishduh,1
snarfosaurus,freeroof,1
snarkamedes,diogenes_amore,1
snorlz,Thats_Street,1
sodappop,4LostSoulsinaBowl,1
soldat0514,AndyChow,1
somebodybuymeacoke,sabrefudge,1
somethingclassy,SevenSolaris,1
soupnap,donkeymon,1
soylentdream,MyCoolLewis,1
spacejumper995,Some_Random_Guy_1138,1
spatkit,omnidub,1
speedysgranny,spurgeonryan,1
spiderbags,Sh405,1
splifs,Qikdraw,1
spoofex,johnnywacko,1
spookiestbehavior,Popcorn_toast,1
spudzee111,rektal_,1
squashedbananas,MattLyte,1
sscjoshua,KnightlyOccurrence,1
stanfan114,R706,1
starpiece,Rachcake93,1
steamboat28,6210classick,1
stedeo,Higashi_Inozuma,1
steemb0te,ImperatorTempus42,1
sternje,promisedjoy,1
steven2014,NotMeNopeNever,1
stkrs,interior_paint,1
stormnoodles,Curryninja,1
strawberry1248,wish_to_conquer_pain,1
streatbeat,DinoMilk,1
streetchicken,Incariuz,1
strmbwl5,Nosra420,1
suddenweightloss,Weitensfeld,1
sugatooth,jdr525,1
sugomon,vatrat,1
summane,terasi,1
sunset_blues,hdjunkie,1
supamesican,moogeek,1
super_nat556,khabibnurmy,1
superguardian,musicalbasics,1
surelee,Xxtrabeast,1
swagbuckaroo,Knoppixx,1
swim_swim_swim,InvalidFileInput,1
swovy5,ehgameraz,1
sylban,patina420,1
sylvie69,Slatts10,1
talon010,cromlaughsat4winds,1
tasogarejer,Captaintripps,1
teaparty88,gettingthereisfun,1
technofiend,chris1096,1
telefawx,Delsana,1
tengonoidea,SLOWchildrenplaying,1
terriblemajesty,Wollander77,1
ters19,hablomuchoingles,1
th3BlackAngel,IGarFieldI,1
thankwoo,Rawtothedawg,1
that1guypdx,Magoonie,1
that2000skid,Kratu1,1
that__name_is_taken,YGSOUL,1
thatwasnotkawaii,DescendsTheBlade,1
theRagingEwok,SensibleDictator,1
the_broseidon,coolkid1717,1
the_leprechauns_anus,djbootybutt,1
the_monotonist,Zmiller23,1
the_oogie_boogie_man,laidymondegreen,1
thebluecrab,POCKALEELEE,1
theisaacguy,FuzzyHedgepig,1
thejustducky1,aspmaster,1
thelastbaldwin,BrownGhost10,1
themidnightfox,adysseus,1
thepasswordisspoopy,earlyriserwife,1
therapistiscrazy,Bo_Peep,1
theshapersarecoming,roumenguha,1
thesquideye,mashonem,1
thethomasboy,chewbaccasjockstrap,1
theverybest27,hermione_no,1
thevoiceless,modeless,1
thisdesignup,mikedog87,1
thorizzle117,Radcliffelookalike,1
thosefilthyhobbitses,buffanater,1
thrillhoMcFly,Hodor_The_Great,1
throwaway_020214,st3venb,1
throwawayfooty,oshyare,1
throwawaythedog,mozzaman,1
tilhow2reddit,pacfcqlkcj4,1
tiny15,EffYourCouch,1
tioda,SCGSKnucklez,1
tipperarytrad,morgrath,1
titykaka,Halizu,1
tjpoe,ewisnes,1
toasterchild,DGAFEVER,1
toddmarley,longq13,1
tomanonimos,poopyvtudh,1
tonighttheyfly,wildtarget13,1
too__legit,mermaident,1
toxikviruz,protohom,1
transgalthrowaway,stopsayingfaggot,1
trickeh2k,ItsRaafaaeel,1
troglodytis,Emerald_Triangle,1
trrrabis,Irreversible_Rape,1
trustmeimaliar,roytheshort,1
tsdguy,dmcnelly,1
tthuggllifee,Fiji_Artesian,1
ttubehtnitahwtahw1,nahbrah1,1
tupac_chopra,externalseptember,1
twiggs90,DanielPutin,1
tylerbreeze,Themiffins,1
tyrroi,KingQajar,1
uhohrun,TBGxRYAN,1
ultron_maxim,dgknuth,1
unalienable1776,kif23,1
underthebanyan,aspiringvoiceactor,1
unpossibru,MetricLemur,1
urban287,randomdudeman12,1
urbanknight4,fzed1199,1
urlostsocks,freerangetrousers,1
user812,FrostSkyreach,1
usuallyclassy69,scaly-manfish,1
valdrinemini,drapollo,1
valleyshrew,Aadamptech,1
vbullinger,Ajax_Malone,1
veritanuda,fkol-k4,1
vicelus,ConfessorKahlan,1
vickinabox88,blgdylxh,1
vinnythehammer,cheesypoof90,1
wahlberger,StifflerCP,1
wakenda,Teacup_Joy,1
wanttofu,FCDRandy,1
watching_willow,naturelover7777,1
waverley41,mouldypeaches,1
wavyhairedsamurai,BlazeWarrior,1
waxox,racificpim,1
weissclimbers,newduude,1
welcometo1984,Tengaar,1
wevcss,mo-1417,1
whatacleverpun,queenashi,2
whatnever,ElBomberoLoco,1
whats_the_profficer,HolyFridge,1
whenifeellikeit,lacks_imagination,1
whichsnakethesnake,UprootedEagle,1
whirlpool138,IReadYourStories,1
whiskeygirl,phantasmagoria4,1
wisdom_and_frivolity,Quanchisuckseggs,1
wojx,Wangis,1
wolf6152ag,swordo,1
wolfi,kataxu36,1
woodaba2,itsfineitsgreat,1
workingaroundit,Rosie2jz,1
wretched_sinner,raluth,1
wwwes32,Efrima,1
wwxxyyzz,DrHuzaifa,1
xBrianSmithx,Hard_Fiskur,1
xBsh3rx,Sharp93,1
xEl33tistx,lingodayz,1
xLazyMuhamedx,Mr_That_Guy,1
xbeefedgex,Skylightt,1
xbrand2,cwaaaakOFDAWN,1
xchadrickx,16BitGenocide,1
xiipaoc,RiverStrymon,1
xole,vdragonmpc,1
xomm,NimbleJack3,1
xtothekcd,jennifer1911,1
xtrialatty,omgitsthepast,1
xyzdorky,U_DONT_KNOW_MY_LIFE,1
yottskry,zuggles,1
younglins,kguzzo,1
youreawizardhailley,ImReallyListening,1
yrthegoodnamestaken,quietly47,1
zRoyce,littlejack100,1
zag83,cited,1
zambezy,xxam925,1
zamirly,Libertines24,1
zanduby,sgtjoe,1
zazazello,Jcwolfe00,1
zdh989,That_Unknown_Guy,1
zitandspit99,Catabisis,1
zockerr,him_again,1
zombie_sex_machine,-JS-,1
zomskii,CrokeBollegeKid,1
